{"cameraMode":{"drawMode":0,"name":"Shaded","section":"Shading Mode"},"sceneLighting":true,"audioPlay":false,"sceneViewState":{"m_AlwaysRefresh":false,"showFog":true,"showSkybox":true,"showFlares":true,"showImageEffects":true,"showParticleSystems":true,"showVisualEffectGraphs":true,"m_FxEnabled":true},"in2DMode":false,"pivot":{"x":-151.12399291992188,"y":-6.599963188171387,"z":20.64881134033203},"rotation":{"x":0.029311956837773324,"y":-0.6450433135032654,"z":0.024799291044473649,"w":0.7632750868797302},"size":88.96363830566406,"orthographic":false}