{"cameraMode":{"drawMode":0,"name":"Shaded","section":"Shading Mode"},"sceneLighting":false,"audioPlay":false,"sceneViewState":{"m_AlwaysRefresh":false,"showFog":true,"showSkybox":false,"showFlares":true,"showImageEffects":true,"showParticleSystems":true,"showVisualEffectGraphs":true,"m_FxEnabled":true},"in2DMode":false,"pivot":{"x":9.277741432189942,"y":7.540988922119141,"z":4.011998176574707},"rotation":{"x":-0.0037405849434435369,"y":0.983325183391571,"z":0.18074554204940797,"w":0.020366596058011056},"size":1.0248898267745972,"orthographic":false}