{"cameraMode":{"drawMode":0,"name":"Shaded","section":"Shading Mode"},"sceneLighting":false,"audioPlay":false,"sceneViewState":{"m_AlwaysRefresh":false,"showFog":true,"showSkybox":false,"showFlares":true,"showImageEffects":true,"showParticleSystems":true,"showVisualEffectGraphs":true,"m_FxEnabled":true},"in2DMode":false,"pivot":{"x":10.026396751403809,"y":5.9549336433410648,"z":5.034031391143799},"rotation":{"x":-0.0017012074822559953,"y":0.9943487644195557,"z":0.10507507622241974,"w":0.01611858233809471},"size":0.8660253882408142,"orthographic":false}